file,sha256,bytes
00_Account_Review_Register.xlsx,06f981fb02cfb9ae7f4e6bbab124e722ed319bc8b4b2820849a5ef05d7081949,10110
00_Finance_Email_CN-23167_DRAFT.md,60ada8e842304f33c3e965d04996877829bacb91b68e5b82093bd60217e019d5,4499
00_Outstanding_Evidence_and_Actions.md,2f63b81e6ad3745c2048a62942a6b68e50e64ebb2bc063f9c44c24d5906e2bd5,2972
00_Parks_4090000_NAReview_Tracker.xlsx,e4dd86282d0b48ca362cb2feeea78173fe40d39009c7de765795b927fa98be10,18743
00_README_Handover.md,857ee67c42893adecaf0b97e1089f9b4e8de420943486d9caf760c0a3fbdf295,11708
00_SE2_Source_8-Jun-2026.xlsx,39948eb4007862fbe38af68d630c33b4c13510f12a9790ef7b0953cb0708d700,17722
NA72111_Evidence_Manifest.csv,ab4e2146369d74e6d4d1d29d69079c4e9b126db1fb86e2ff0b7cbeb887297e4d,744
NA72111_Reconciliation_Note.md,1d277728afc5e0c883572ccecc5fdfeff913591f3e8a7978dc2090c57935b11d,3146
NA72114_Evidence_Manifest.csv,5245e9063433100388c34961d1654ff6e208bc92b77abb61cda4c6d3ff2808e8,747
NA72114_Scope_Note.md,fe86e3be11d74db9bd544629d91bb7a719a52c96a0ce8dd36cf3f7fe911085fa,3124
NA72312_Evidence/NA72312_L01_IKEA_TE004431.pdf,784c585854c840d37f305e459243a11e0d96a138a1465c577736e0d48b313b65,320533
NA72312_Evidence/NA72312_L02_Empire_RL196475.pdf,dd28b1b2fac679623f5ab3d211a9494eb31d4badf5a4fcacb2c6d86a2a9ec4ac,119708
NA72312_Evidence/NA72312_Ledger_Extract.xlsx,7f14689db4db0d3b8defd47c42773f4b392ba7500a811e6b318030b965497710,10604
NA72312_Evidence_Manifest.csv,d7ff938871ffcee0113df52acaad8d997c3df0a4bd4c1e069232fd6d5b20b245,601
NA72312_GENJNL_Recode.txt,8520302a3bf5a1d0336d07d066b8cdf8e3190c333b9e5145d69b0c1329e5bbc9,2504
NA72312_Verification_Record.md,e336dde678bca373aff18374fe60c9a543a6dec265ca4fade0d58b575f98c308,7871
NA73140_Evidence_Manifest.csv,0d17c5afbb38335d152f3db4efaa1ea50c7bdadacad034d0136aae13691a2024,333
NA73140_Verification_Record.md,a4f005ffe057defff7d2f7a11eac7851a30b34ebbdbeebe4dc2b00af68c214b2,1491
NA73533_Evidence/NA73533_L07_BookingCom_ibis_TE005080.pdf,ce9317107741783b0ce7ad91b482702651e482e6b9d9a4c3a31a668b5eeef4a8,648031
NA73533_Evidence/NA73533_L_Cabcharge_INV0000315295.pdf,67452f6d02bb68f315acce24d08a7f06e0ad69e48da31a16db52cb695b659b94,190232
NA73533_Evidence/NA73533_L_Qantas_CTM_TE005128.pdf,92e2bc2a4adb55f2f9b347901e9807fc291091b3c13f9f395602a7a39b0df86a,79375
NA73533_Evidence/NA73533_L_Quinn_Bankwest_header.png,1f75e145fc9bf5148b0009011c9ba771fa1eb33fd085abac977de78b72708320,54086
NA73533_Evidence/NA73533_L_Uber_activity.jpg,da40fe649a4c3e911da805f5e9c2e90abf5695d6d2fd12bd2fd97c4c97a110a0,444850
NA73533_Evidence/NA73533_L_Uber_ride_detail.jpg,9d7c91ee8dbff24629366b0875e15be6b0cfdc9a4fbfc01eed98e59d4ea75cd9,338656
NA73533_Evidence/NA73533_Ledger_Extract.xlsx,e76a5a98c227680e9e1a03110e1dcf8db0d9a0561a5bcf3fc69d66d09c8ed9f1,11734
NA73533_Evidence/NA73533_Travel_Support_Pack.pdf,288ace857c26be29efe5a7aa0f5385d0c2f11f667dbfe31a90b446e8643abd15,2483277
NA73533_Evidence_Manifest.csv,e08130096b0de772423d8e6224f52c19341578ae486dc16df08d91f8fc7e1f50,1300
NA73533_GENJNL_Recode.txt,755e3fc6f53753ee64461a977e7de1828a8003bf366c6e190573e3d1ea62d941,1760
NA73533_Verification_Record.md,17fd4ad3ee1812d75d673ae7788cde3308e75c7d03530643e879015006e83034,6102
NA73563_Evidence/NA73563_Ledger_Extract.xlsx,b11caeb87a63f47104427c9bb70888899408980474eeba033ad03679775ddbbd,16960
NA73563_Evidence/NA73563_Officeworks_TE005250_628185694.pdf,36e029a6052a3e966309f8a1f2a48e0de8615f579dbdd65db9765149a291f74f,32089
NA73563_Evidence/NA73563_WINC_April_9901782965.xlsx,acdd74bdeb04277221756724103bcb65a23d84d5fd9cbef59c57b73efbae7360,81515
NA73563_Evidence/NA73563_WINC_Feb_9901763737.xlsx,9546122c4944e08b7e70e0f8c404acda641dd0b3d567fd262956bbbd2b1aab57,84100
NA73563_Evidence/NA73563_WINC_LineItem_Audit_P1-P10.xlsx,7af51811cc05f999f7f9f1227f2c25fd4cbf516a63c52591d7c8213fc8f20326,33942
NA73563_Evidence/NA73563_WINC_Reconciliation.xlsx,0366d16084bfa71a106507c53d18622c00664abd7d67d01d64a378cfb6fb17d9,17411
NA73563_Evidence_Manifest.csv,e5d92057e8121ff9bddc1b6c1f0109ec98c353fc0e1c711c3555f644d9c2f971,916
NA73563_GENJNL_Recode.txt,584115a177ff6b87291bad1893ad0a9bf4e71b80ca877e557f54dd31bef02fc9,11213
NA73563_Verification_Record.md,25b0ff1829b5b5303ae8bc962eb273db8dbb823e6e7862be07f045e31ab5beef,7247
NA73564_Evidence/NA73564_L29_Esri_INV000555.pdf,f4d22a95808f43656fc1fcf2c77ef915e3e3130fa7e43c8d8f35545c6804518d,94560
NA73564_Evidence/NA73564_L35_ExceedICT_INV-13660.pdf,918f6458310d67b7ab0a110c35dd900ed4df008348269ad1f62d428a655f05c4,162081
NA73564_Evidence/NA73564_L36_ExceedICT_INV-17543.pdf,bdca37c1a806eac63206060552c78b4e85b2ee3652cfa39eb7e7e942b980e070,161986
NA73564_Evidence/NA73564_Ledger_Extract_9-Jun-2026.xlsx,0ea65f141524f1c7d8fa1977b1206fcafe1dbf7bbb420476f64b2b56a7a3324d,17132
NA73564_Evidence_Manifest.csv,4ad1cf39036de28c170777622a36ea98e610f3da1329fef23384e338192fc768,1059
NA73564_GENJNL_Recode.txt,6890c3abba5055f7ecbd057e6f614d088e433ce66250e8e63feb104c6d30f703,2632
NA73564_Verification_Record.md,660603f706b360897b4d1ecea48f6b1cb030cbed8e7ca49d1ed39142821ff846,9873
_CarryForward/72111_Doc46_Audit_source.xlsx,4da0686c1feffbd7780d94058d999b135d22968cbe20a1b2f1a420e55e15c5a9,15076
_CarryForward/72111_PCard_Doc45_source.xlsx,cd8cbd4c5f36249b0484217b94e7daac4f9ea1075551193810e6f13d98ee8864,9325
_CarryForward/Parks_4090000_Consolidated_Recode_Journal_3-Jun-2026.xlsx,10a36e1fefe8e04cc20da621f59b2939279844f0ee2c89cb8198f444c51f4586,29036
_Sources_9-Jun-2026/72114_GJ_Document_Reconstruction.xlsx,f5a99ee9f08f3eabd8758bf9e78d6edd3f763c7be8d9b93272ac27bdd6fd9ea9,11053
_Sources_9-Jun-2026/72114_Reali_StandingOrder_set_C00223414.zip,db3eec61439eaca4352b3b2fa406023a30072f6aaaa9aa35644fccdb430c51c9,1238098
_Sources_9-Jun-2026/73533_TE005080_BookingCom_hotel.pdf,ce9317107741783b0ce7ad91b482702651e482e6b9d9a4c3a31a668b5eeef4a8,648031
_Sources_9-Jun-2026/Esri_INV000555_C00226185.pdf,f4d22a95808f43656fc1fcf2c77ef915e3e3130fa7e43c8d8f35545c6804518d,94560
_Sources_9-Jun-2026/ExceedICT_INV-13660.pdf,918f6458310d67b7ab0a110c35dd900ed4df008348269ad1f62d428a655f05c4,162081
_Sources_9-Jun-2026/ExceedICT_INV-17543.pdf,bdca37c1a806eac63206060552c78b4e85b2ee3652cfa39eb7e7e942b980e070,161986
_Sources_9-Jun-2026/Ledger_73564_full_account_9-Jun-2026.xlsx,0ea65f141524f1c7d8fa1977b1206fcafe1dbf7bbb420476f64b2b56a7a3324d,17132
