file,sha256
NA73128_Evidence_Manifest.csv,e88c7380990a35251289db8b4927ae222d94aeb8d49d9aca909b8e8e0f672a26
NA73128_GENJNL_Recode.txt,c9a53e59e71a85de994235e24da842c78d34a432ea483b7d2a8f8bd4924c1019
NA73128_Ledger_Extract_10-Jun-2026.xlsx,5811884e1b14808a112814d54c657cc5bb2936bb62bf5f130633956099023093
NA73128_Verification_Record.md,db68fdcfecae3b3105641e8e6ffb16ec1165fb3c1c59a103ae388f216c230034
NA73128_Evidence/NA73128_L01_TCB_INV-396217.pdf,4f1cf87b9976d507ca3eb1019dcd980d4ed08d1de49da1a278c9e3f06e08e6f0
NA73128_Evidence/NA73128_L02_TCB_INV-396428.pdf,2167c760719d6dac54e3370980e6cefa39b36df42e38d1c82ffb23a8a154245a
NA73128_Evidence/NA73128_L03_TCB_INV-396633.pdf,810cbb6bc83dfe980ed4d2532defbf410efe6e0b194a459be85c3e7ced6fca9a
NA73128_Evidence/NA73128_L04_TCB_INV-396827.pdf,d6c048d63180a659e40de911fbc672ee19e8552ded2289c6de253e5e62a25124
NA73128_Evidence/NA73128_L05_TCB_INV-397026.pdf,0338647800def59ba5c4d09d10d0c97d3cdc1f099af232658c0140b240886e43
NA73128_Evidence/NA73128_L06_TCB_INV-397213.pdf,d7bc3eb99de9bc53b96df38ecdfe4d68c2c419fb190695d5aecdb588a4d86efa
NA73128_Evidence/NA73128_L11_TCB_INV-397411.pdf,d14a9089b82af2a33855ad6906f7153a68de24c7580d63751211d4277fbf21f4
NA73128_Evidence/NA73128_L12_TCB_INV-397642.pdf,bf0a235c6bff29d3d6a9e116849ef34228b4a52811837bc2d7fc8b968cb29a23
NA73128_Evidence/NA73128_L13_TCB_INV-397820.pdf,7a85d79cf2cfd02eac1b663602cd9970a01b51fb0c0bdfc9400fa53f8a4137b8
NA73128_Evidence/NA73128_L14_TCB_INV-398029.pdf,a12e1a3a2ec535b766da5ee4c85f133d2797946f8ca047ec7a3523eed64fb7e4
NA73128_Evidence/NA73128_L15_TCB_INV-398238.pdf,4954a4737686efce39290812ea656f5139c32a779666ca872a3066497c896dea
NA73128_Evidence/NA73128_L16_TCB_INV-398437.pdf,bc0415de40bdf92ee0f57e9bf5291c3846604f67bbad82ea99b5699ad765f238
NA73128_Evidence/NA73128_L17_TCB_INV-398653.pdf,e67b8fa3034092c3436ae9633df4e6399f96a01a18e3a5d93e7515e95cfe8408
NA73128_Evidence/NA73128_L19_TCB_INV-398878.pdf,d5285b459a3e0cea1a34347e61d291228f20f62162cad138ff696b944bd8979c
NA73128_Evidence/NA73128_L21_TCB_INV-399080.pdf,b999d93254aca5ea72ce0f1a6125e4d9e1a1087a3e864b58fca08abf5e461ca8
NA73128_Evidence/NA73128_L22_TCB_INV-399291.pdf,b4628c777fdb77a9a759a988feaf2dd28ce42c9cd11cd9dde8ffd155d35faf88
NA73128_Evidence/NA73128_L23_TCB_INV-399504.pdf,a050a43bc8b7e26561bda931d1fe001b92bcbbfa203b9330f9ccde66be993645
NA73128_Evidence/NA73128_L24_TCB_INV-399704.pdf,fba5bb43eebd410b759147c1aadb00c2ad85c9b41fbc4b16072149f40ed9fb4b
NA73128_Evidence/NA73128_L25_TCB_INV-399905.pdf,62ea4c5627349ae6817a7d53486c0503d977c69b126a28ae0911b12a0c346eb7
NA73128_Evidence/NA73128_L26_TCB_INV-400102.pdf,6d5a7a34e2d7dbb1ee232d8f071146d7dc9dee712e4b65fe036ed0545d76860c
NA73128_Evidence/NA73128_L27_TCB_INV-400319.pdf,adfb84bd06830dbc8c045755a503ce50e98b7fa274737d684525982f79bf4f0b
NA73128_Evidence/NA73128_L28_TCB_INV-400534.pdf,be13d0564ccf12f689270ee44203ce37492a6527477217389b88fb269d85935f
NA73128_Evidence/NA73128_L29_TCB_INV-400742.pdf,f00709e95cb233e16092314fbf8bb72d899535281a56bd10fca01dda43a0e033
NA73128_Evidence/NA73128_L30_TCB_INV-400956.pdf,62bb9067572ae743e63bd507c30414ec89e56db26e72ec2611a81871ae22193c
NA73128_Evidence/NA73128_L31_TCB_INV-401158.pdf,5c694af344ff323b0c3fd3f099e62419065a807f4450613b0e599aa869f87f66
NA73128_Evidence/NA73128_L33_TCB_INV-401368.pdf,7307fd7dbf325765dcdf22ee7a9e44892bbb54e7b3ab459dff4f91180c7ac2e7
NA73128_Evidence/NA73128_L34_TCB_INV-401587.pdf,e7e5955e5cb3db1df8736e34e3927bc833dde54c8634a4a3e7f9099e43efcbbc
NA73128_Evidence/NA73128_L35_TCB_INV-401795.pdf,49995fb451abef61aa9719294389d1f0727a6ea481dea71d8864ed12e6246dc1
NA73128_Evidence/NA73128_L36_TCB_INV-401989.pdf,53a140abb5a0bbb19b970edca48be855ac5cf3cd20b42b66bbac9fc70c6ebdd6
NA73128_Evidence/NA73128_L37_TCB_INV-402190.pdf,a0bc5b5c818ce490578b294a8b4c2ec1a9c19d1e8e9e95c5d8e6d8b6a4aa0ff3
NA73128_Evidence/NA73128_L38_TCB_INV-402538.pdf,3a9773209d1750920ce23e336079f9e53d4c59648683b58f10142693078f23d6
NA73128_Evidence/NA73128_L39_TCB_INV-402728.pdf,cb95430240fe8c5e7d49bebdeb5b8a989328fc198a326e8718c3ddf2ca258bfc
NA73128_Evidence/NA73128_L40_TCB_INV-402917.pdf,8892e97943ffd9fd31b6a3750d25ae554710244b1789c0a067e28673d98f6453
NA73128_Evidence/NA73128_L41_TCB_INV-403104.pdf,5a765bd4d7b2912e3d668858b9f9ed673dd7bc2116235f1bd641f52ca8d0847e
NA73128_Evidence/NA73128_L42_TCB_INV-403319.pdf,afe725a7468f60490970225a69b179fbf78d49e7b381ca6957235f1886701b1a
NA73128_Evidence/NA73128_L43_ABN_72940549625_Details.pdf,3cf1aede784ae150e39a8cc3793bd6b99fc531e770c43576073a37a4931c6933
NA73128_Evidence/NA73128_L43_ABN_Lookup_Search.pdf,c8effafd734062325d75825b4529f21a26a9f3106e36d5818ac19c13b71ca8d0
NA73128_Evidence/NA73128_L43_QCB_Statement_Nov25_p1.pdf,211aec03a4605e82344a13d5fb4f7e925a57013674457571d5f11473c6bd5d97
NA73128_Evidence/NA73128_L43_QCB_Statement_Nov25_p2.pdf,21c673bb3960a19ff2fe524209034347ba5a8c556a2162d48078dd7f3cd1afff
NA73128_Evidence/NA73128_L43_RajAggarwal_Bond_Email.msg,cc926fd6d1b17c4da287454056616ca407f95642c964115a47385ffd050c2bbd
NA73128_Evidence/NA73128_L43_RajAggarwal_Bond_EmailChain.pdf,ccd24189238a01f086644fb2054c1fd453df959cf46eeda6daee6e58e423d541
NA73128_Evidence/NA73128_L44_TCB_INV-403536.pdf,2cc3a785844bbc3f8e3b76d4202fc4da27deee2a8b5193a0cb6240d566cd122d
NA73128_Evidence/NA73128_L45_TCB_INV-403758.pdf,ea6639514b518267f3070b21ea43003f2f69ec4ca16f7fea1cbf26018e586d63
NA73128_Evidence/NA73128_L46_TCB_INV-403980.pdf,e7b6b4917e93eb4e562693a7af9860213bddfde27e02244df80688c992c915fc
NA73128_Evidence/NA73128_L47_TCB_INV-404203.pdf,c15237d06b4ae1ec505c30c617fb01cdcf6af0e186537b12954df3440dcda3ce
NA73128_Evidence/NA73128_L50_TCB_INV-404405.pdf,6ab1df35cc77459e502d3e976c312bda80c31bf992c9f5514da9a9a9d3c84afd
NA73128_Evidence/NA73128_L51_TCB_INV-404615.pdf,ceb9c048af731b288052f16f97e2796b50d3de5f59b2b772b2028cd24c8295e6
NA73128_Evidence/NA73128_L52_TCB_INV-404823.pdf,bb3a0b9e8ff2cfa4535d865edbb80ec377a23b625231a64250d7613798ad7962
NA73128_Evidence/NA73128_L53_TCB_INV-405002.pdf,e347ebffce9d314215c2d81c1ebb3a9b61441a2d6992dae1adc3cf31d7a9a995
NA73128_Evidence/NA73128_L54_TCB_INV-405193.pdf,3c5a8f80acb8ac08cf382dd4a63cc49a1a4cad23021a85105438dc7f9e0f3c27
NA73128_Evidence/NA73128_L55_TCB_INV-405388.pdf,392cf581bee1c5f7165e6515c9cb59f4c7422fb47957293edbd420a8b30d21f9
NA73128_Evidence/NA73128_L56_TCB_INV-405812.pdf,f2c4e6e375508ab685c744335ae03976cf088fab196ef0adc16eb663db1c3ef7
NA73128_Evidence/NA73128_L57_TCB_INV-406018.pdf,0953d3121cc4e79f0b27fa9d285e011fcd325aaf53747b1241a51edda6470a25
NA73128_Evidence/NA73128_L58_TCB_INV-406431.pdf,0432a027d7c871cd2eea0dd3cee0d529e9c65a356a337fd25df7e994c51a9740
NA73128_Evidence/NA73128_L60_TCB_INV-406649.pdf,196d9f06e9507e516e6fbb4509fcfb1d931fcef18bbbbebd27ca0d1c4c7910f8
NA73128_Evidence/NA73128_L62_TCB_INV-406866.pdf,fe4adb47ddeb8a044725204ff8eb85f6359457a6b7906330e18cb9c35d104859
