winc_invoice,account_no,cost_centre,po,inv,inv_date,item_code,item_desc,unit,docket,unit_price,qty,amount,gst,total,suggested_acct,suggested_category,status
9901690129,10179376,(PK)PK000001-73563,NET66939820,9048149263,2025-06-18,86713671,Winc A4 80 Mc Glss Lamtng Pouches Pk100,PK,842968239,11.54,1.0,11.54,1.15,12.69,73563,Stationery / printing,OK
9901690129,10179376,(PK)PK000001-73563,NET66939820,9048149263,2025-06-18,86713670,Winc A3 80 Mc Glss Lamtng Pouches Pk100,PK,842968239,16.46,1.0,16.46,1.65,18.11,73563,Stationery / printing,OK
9901690129,10179376,(PK)PK000001-73563,NET66939820,9048149263,2025-06-18,86792811,Cleera Win&Glss Clnr Triggr 750ml,BO,842968239,9.56,1.0,9.56,0.96,10.52,72111,Cleaning / minor kitchen supplies,MISCODE
9901690129,10179376,(PK)PK000001-73563,NET66939820,9048149263,2025-06-18,18894989,Westcott Microban Kids Scissor 6 Inch,EA,842968239,2.01,1.0,2.01,0.2,2.21,73563,Stationery / printing,OK
9901690129,10179376,(PK)PK000001-73563,NET66939820,9048149263,2025-06-18,86789326,Cleera Euca Clenr Dsnfctnt Deodrsr 5L,EA,842968239,10.53,3.0,31.59,3.15,34.74,72111,Cleaning / minor kitchen supplies,MISCODE
9901690129,10179376,(PK)PK000001-73563,NET66939820,9048149263,2025-06-18,10006619,Winc AAA Prem Alkal Batt Bx 24,BX,842968239,6.4,1.0,6.4,0.64,7.04,72111,Minor equipment / batteries,MISCODE
9901690129,10179376,(PK)PK000001-73563,NET66939820,9048149263,2025-06-18,10006618,Winc AA Prem Alkal Batt Bx 24,BX,842968239,6.4,1.0,6.4,0.64,7.04,72111,Minor equipment / batteries,MISCODE
9901690129,10179376,(PK)PK000001-73563,NET66939820,9048149263,2025-06-18,25147626,Deflecto Sign Menu Prtrt Wall Mount A4,EA,842968239,6.4,1.0,6.4,0.64,7.04,73563,Stationery / printing,OK
9901690129,10179376,(PK)PK000001-73563,NET66939820,9048149263,2025-06-18,25147632,Deflecto Sign Menu Prtrt Wall Mount A3,EA,842968239,29.25,1.0,29.25,2.93,32.18,73563,Stationery / printing,OK
9901690129,10179376,(PK)PK000001-73563,NET65954246,9048080254,2025-06-09,87215079,Winc Rtrct Blpnt Pn Blu 1.0mm Pk 12,PK,842900996,3.31,1.0,3.31,0.33,3.64,73563,Stationery / printing,OK
9901690129,10179376,(PK)PK000001-73563,NET65954246,9048080254,2025-06-09,87215078,Winc Rtrct Blpnt Pn Blk 1.0mm Pk 12,PK,842900996,3.31,1.0,3.31,0.33,3.64,73563,Stationery / printing,OK
9901690129,10179376,(PK)PK000001-73563,NET65954246,9048080254,2025-06-09,25128351,ISM White Sugar 1kg,EA,842900996,2.17,2.0,4.34,0.0,4.34,73512,Hospitality refreshments (Reason B),MISCODE
9901690129,10179376,(PK)PK000001-73563,NET65954246,9048080254,2025-06-09,25184215,Moccona Med Roast Instant Coff 1kg Tin,CN,842900996,63.12,2.0,126.24,0.0,126.24,73512,Hospitality refreshments (Reason B),MISCODE
9901690129,10179376,(PK)PK000001-73563,NET65954246,9048080254,2025-06-09,25170915,Delonghi Coffee Descaler 500ml,EA,842900996,30.34,1.0,30.34,3.03,33.37,73512,Hospitality refreshments (Reason B),MISCODE
9901690129,10179376,(PK)PK000001-73563,NET65954246,9048080254,2025-06-09,10006625,Winc D Prem Alkal Batt Bx 10,BX,842900996,12.01,1.0,12.01,1.2,13.21,72111,Minor equipment / batteries,MISCODE
9901690129,10179376,(PK)PK000001-73563,NET65954246,9048080254,2025-06-09,10006624,Winc C Prem Alkal Batt Bx 12,BX,842900996,11.81,1.0,11.81,1.18,12.99,72111,Minor equipment / batteries,MISCODE
9901690129,10179376,(PK)PK000001-73563,NET65954246,9048080254,2025-06-09,25174532,cms 1.2m Apl Lghtng To USB Mfi Cbl - Wt,EA,842900996,17.89,2.0,35.78,3.58,39.36,73564,IT equipment / accessories,MISCODE
9901690129,10179376,(PK)PK000001-73563,NET65954246,9048080254,2025-06-09,19018235,Fnsh Dwasher Clnr Lmon 250ml Twn Pk,BO,842900996,13.64,1.0,13.64,1.36,15.0,72111,Cleaning / minor kitchen supplies,MISCODE
9901690129,10179376,(PK)PK000001-73563,NET65954246,9048080254,2025-06-09,25037238,Bio Activ Drain Cleaner 5L,EA,842900996,49.49,1.0,49.49,4.96,54.45,72111,Cleaning / minor kitchen supplies,MISCODE
9901690129,10179376,(PK)PK000001-73563,NET65954246,9048080254,2025-06-09,86788877,Spry Bo W/ Triggr 750Ml,EA,842900996,6.39,6.0,38.34,3.83,42.17,72111,Cleaning / minor kitchen supplies,MISCODE
9901773647,10179376,(PK)PK000001-73563,NET89725976,9050123165,2026-03-23,19001021,Kensington Wireless Mouse For Life,EA,844868312,34.09,1.0,34.09,3.41,37.5,73564,IT equipment / accessories,MISCODE
9901773647,10179376,(PK)PK000001-73563,NET89725976,9050123165,2026-03-23,86860543,Mbg Sheet Protect A4 H/wgt Bx100,BX,844868312,9.58,3.0,28.74,2.87,31.61,73563,Stationery / printing,OK
9901773647,10179376,(PK)PK000001-73563,,9050071564,2026-03-16,18989091,MV117 First AidVest Yellow Lrg Ea,EA,50797688,23.57,1.0,-23.57,-2.36,-25.93,72113,Safety equipment / PPE,MISCODE
9901773647,10179376,(PK)PK000001-73563,NET89358882,9050079352,2026-03-17,86701308,Winc Spiral Ntebk No. 336 A4 240 Pgs,EA,844825540,3.58,5.0,17.9,1.79,19.69,73563,Stationery / printing,OK
9901773647,10179376,(PK)PK000001-73563,NET89358882,9050079352,2026-03-17,18885357,Winc Spiral Ntebk No. 337 A5 Prf 200 Pgs,EA,844825540,3.21,4.0,12.84,1.28,14.12,73563,Stationery / printing,OK
9901773647,10179376,(PK)PK000001-73563,NET89358882,9050079352,2026-03-17,25194800,Energizer Lithium Battery 2032 Coin 4pk,PK,844825540,15.35,2.0,30.7,3.07,33.77,73564,IT equipment / accessories,MISCODE
9901773647,10179376,(PK)PK000001-73563,NET88181481,9050044194,2026-03-11,35469906,Winc Lever Arch File PP A4 Green,EA,844784385,5.94,1.0,5.94,0.59,6.53,73563,Stationery / printing,OK
9901773647,10179376,(PK)PK000001-73563,NET88181481,9050044194,2026-03-11,86823374,Rexel Fuel Card Holder/Key Ring Pkt 10,PK,844784385,22.52,1.0,22.52,2.25,24.77,73563,Stationery / printing,OK
9901773647,10179376,(PK)PK000001-73563,NET88181481,9050044194,2026-03-11,86511444,Winc Earth Insert Lev Arch File A4 White,EA,844784385,4.55,1.0,4.55,0.46,5.01,73563,Stationery / printing,OK
9901773647,10179376,(PK)PK000001-73563,NET88181481,9050044194,2026-03-11,25094782,SDS Binder A4 2 D-Ring 40mm Yel,EA,844784385,44.38,6.0,266.28,26.64,292.92,73563,Stationery / printing,OK
9901773647,10179376,(PK)PK000001-73563,NET88181481,9050044194,2026-03-11,25174532,cms 1.2m Apl Lghtng To USB Mfi Cbl - Wt,EA,844784385,17.89,6.0,107.34,10.73,118.07,73564,IT equipment / accessories,MISCODE
9901773647,10179376,(PK)PK000001-73563,NET88181481,9050044194,2026-03-11,25170068,Gorilla Mounting Tape Blk 25.4mm x 1.52m,EA,844784385,15.39,1.0,15.39,1.54,16.93,73563,Stationery / printing,OK
9901773647,10179376,(PK)PK000001-73563,NET88181481,9050044194,2026-03-11,25093092,Wall Mount Brochure Hold DL 4 Pocket SBS,EA,844784385,45.13,2.0,90.26,9.03,99.29,73563,Stationery / printing,OK
9901773647,10179376,(PK)PK000001-73563,NET88181481,9050044194,2026-03-11,86860543,Mbg Sheet Protect A4 H/wgt Bx100,BX,844784385,9.58,1.0,9.58,0.96,10.54,73563,Stationery / printing,OK
9901773647,10179376,(PK)PK000001-73563,NET88181481,9050044194,2026-03-11,35469909,Winc Lever Arch File PP A4 Orange,EA,844784385,5.94,1.0,5.94,0.59,6.53,73563,Stationery / printing,OK
9901773647,10179376,(PK)PK000001-73563,NET88181481,9050044194,2026-03-11,35469908,Winc Lever Arch File PP A4 Yellow,EA,844784385,5.94,1.0,5.94,0.59,6.53,73563,Stationery / printing,OK
9901773647,10179376,(PK)PK000001-73563,NET88181481,9050044194,2026-03-11,35469905,Winc Lever Arch File PP A4 Red,EA,844784385,5.94,1.0,5.94,0.59,6.53,73563,Stationery / printing,OK
9901773647,10179376,(PK)PK000001-73563,NET88181481,9050044194,2026-03-11,35469904,Winc Lever Arch File PP A4 Blue,EA,844784385,5.94,1.0,5.94,0.59,6.53,73563,Stationery / printing,OK
9901773647,10179376,(PK)PK000001-73563,NET90531826,9050153778,2026-03-26,25184215,Moccona Med Roast Instant Coff 1kg Tin,CN,844891961,67.04,1.0,67.04,0.0,67.04,73512,Hospitality refreshments (Reason B),MISCODE
9901773647,10179376,(PK)PK000001-73563,NET90531826,9050153778,2026-03-26,87215081,Winc Rtrct Blpnt Pn Red 1.0mm Pk 12,PK,844891961,3.31,2.0,6.62,0.66,7.28,73563,Stationery / printing,OK
9901773647,10179376,(PK)PK000001-73563,NET90531826,9050153778,2026-03-26,87215079,Winc Rtrct Blpnt Pn Blu 1.0mm Pk 12,PK,844891961,3.31,2.0,6.62,0.66,7.28,73563,Stationery / printing,OK
9901773647,10179376,(PK)PK000001-73563,NET90531826,9050153778,2026-03-26,87215078,Winc Rtrct Blpnt Pn Blk 1.0mm Pk 12,PK,844891961,3.31,2.0,6.62,0.66,7.28,73563,Stationery / printing,OK
9901773647,10179376,(PK)PK000001-73563,NET90531826,9050153778,2026-03-26,25198200,Winc Premium CN A4 80gsm White Ctn5,CT,844891961,28.0,5.0,140.0,14.01,154.01,73563,Stationery / printing,OK
9901773647,10428958,(PK)PK000086-73563,NET88849508,9050047934,2026-03-12,86712372,Sce Barbecue Sqze Bo 500Ml Masterfoods,BO,844790437,6.5,1.0,6.5,0.0,6.5,73512,Hospitality refreshments (Reason B),MISCODE
9901773647,10428958,(PK)PK000086-73563,NET88849508,9050047934,2026-03-12,86712373,Sce Tomato Sqze Bo 500Ml Masterfoods,BO,844790437,6.5,1.0,6.5,0.0,6.5,73512,Hospitality refreshments (Reason B),MISCODE
9901773647,10428958,(PK)PK000086-73563,NET88849508,9050047934,2026-03-12,25088777,Keba Clpbrd A3 With Pen Hldr Blk,EA,844790437,22.04,2.0,44.08,4.4,48.48,73563,Stationery / printing,OK
9901773647,10428958,(PK)PK000086-73563,NET88849508,9050047934,2026-03-12,87161150,Mbg 43150 Clpbrd A3 Msnite LS LgeClp Brw,EA,844790437,12.0,1.0,12.0,1.2,13.2,73563,Stationery / printing,OK
9901773647,10428958,(PK)PK000086-73563,NET88849508,9050047934,2026-03-12,86529457,Cling Wp Disp Glad 33Cmx30M Rl,RL,844790437,3.87,1.0,3.87,0.39,4.26,72111,Cleaning / minor kitchen supplies,MISCODE
9901773647,10428958,(PK)PK000086-73563,NET88849508,9050047934,2026-03-12,87074579,WINC Ppr Pte Lunch Uncted 175mm Pk50,PK,844790437,4.29,1.0,4.29,0.43,4.72,72111,Cleaning / minor kitchen supplies,MISCODE
9901737473,10179376,(PK)PK000001-73563,NET81470556,9049292994,2025-11-28,87215079,Winc Rtrct Blpnt Pn Blu 1.0mm Pk 12,PK,844073110,3.31,3.0,9.93,0.99,10.92,73563,Stationery / printing,OK
9901737473,10179376,(PK)PK000001-73563,NET81470556,9049292994,2025-11-28,87215078,Winc Rtrct Blpnt Pn Blk 1.0mm Pk 12,PK,844073110,3.31,3.0,9.93,0.99,10.92,73563,Stationery / printing,OK
9901737473,10179376,(PK)PK000001-73563,NET81470556,9049292994,2025-11-28,18885357,Winc Spiral Ntebk No. 337 A5 Prf 200 Pgs,EA,844073110,3.21,8.0,25.68,2.57,28.25,73563,Stationery / printing,OK
9901737473,10179376,(PK)PK000001-73563,NET81470556,9049292994,2025-11-28,3488100,Winc Spiral Ntebk No.334 A4 120 Pg,EA,844073110,2.15,10.0,21.5,2.15,23.65,73563,Stationery / printing,OK
9901737473,10179376,(PK)PK000001-73563,NET81470556,9049292994,2025-11-28,18977474,Kensington Ls150 15.6In Backpack Blk,EA,844073110,72.48,1.0,72.48,7.26,79.74,73564,IT equipment / accessories,MISCODE
9901737473,10179376,(PK)PK000001-73563,NET81470556,9049292994,2025-11-28,18680621,Winc Chsl Tip Hghlghtr Assrt Col Bx 5,ST,844073110,6.44,1.0,6.44,0.64,7.08,73563,Stationery / printing,OK
9901737473,10179376,(PK)PK000001-73563,NET78979926,9049232203,2025-11-20,25228794,Kens H1050 Eq Btooth Onear Hdset,EA,844008319,69.01,1.0,69.01,6.9,75.91,73564,IT equipment / accessories,MISCODE
9901737473,10179376,(PK)PK000001-73563,NET78979926,9049092042,2025-11-03,87215078,Winc Rtrct Blpnt Pn Blk 1.0mm Pk 12,PK,843881370,3.31,1.0,3.31,0.33,3.64,73563,Stationery / printing,OK
9901737473,10179376,(PK)PK000001-73563,NET78979926,9049092042,2025-11-03,87215079,Winc Rtrct Blpnt Pn Blu 1.0mm Pk 12,PK,843881370,3.31,1.0,3.31,0.33,3.64,73563,Stationery / printing,OK
9901737473,10179376,(PK)PK000001-73563,NET78979926,9049092042,2025-11-03,86714375,Winc Self Adh Ntes Pastel 76X76mm Pkt5,PK,843881370,3.71,1.0,3.71,0.37,4.08,73563,Stationery / printing,OK
9901737473,10179376,(PK)PK000001-73563,NET78979926,9049092042,2025-11-03,18949526,Winc Rtrct Blpnt Pn Blk 0.7mm Pk 12,PK,843881370,2.6,1.0,2.6,0.26,2.86,73563,Stationery / printing,OK
9901737473,10179376,(PK)PK000001-73563,NET79069172,9049102036,2025-11-04,25050075,Comsol Usb A To Usb C Cbl 1.2m,EA,843889535,14.11,3.0,42.33,4.23,46.56,73564,IT equipment / accessories,MISCODE
9901737473,10179376,(PK)PK000001-73563,NET79069172,9049102036,2025-11-04,25174532,cms 1.2m Apl Lghtng To USB Mfi Cbl - Wt,EA,843889535,17.89,4.0,71.56,7.15,78.71,73564,IT equipment / accessories,MISCODE
9901737473,10179376,(PK)PK000001-73563,NET79069172,9049102036,2025-11-04,86895884,Softwash 1507088 H/Wash Antbac Pmp 250ml,EA,843889535,2.43,6.0,14.58,1.46,16.04,72111,Cleaning / minor kitchen supplies,MISCODE
9901737473,10179376,(PK)PK000001-73563,NET79069172,9049102036,2025-11-04,86854263,Cleera Lmon Dshwshng Dtrgnt 5L,EA,843889535,10.63,2.0,21.26,2.13,23.39,72111,Cleaning / minor kitchen supplies,MISCODE
9901737473,10179376,(PK)PK000001-73563,NET80346430,9049145509,2025-11-10,18777000,A/wick Aerosol Vanila Air Freshnr 237g,EA,843925443,2.77,1.0,2.77,0.28,3.05,72111,Cleaning / minor kitchen supplies,MISCODE
9901737473,10179376,(PK)PK000001-73563,NET80346430,9049145509,2025-11-10,86777177,Mortein Fly Spry Fast Knockdown 300G,EA,843925443,7.78,1.0,7.78,0.78,8.56,72112,Chemical / pesticide,MISCODE
9901737473,10179376,(PK)PK000001-73563,NET80346430,9049145509,2025-11-10,86777177,Mortein Fly Spry Fast Knockdown 300G,EA,843925443,7.78,1.0,7.78,0.78,8.56,72112,Chemical / pesticide,MISCODE
9901737473,10179376,(PK)PK000001-73563,NET80346430,9049145509,2025-11-10,25086820,Adhesive Max-tack Reusable 75gm Blu,EA,843925443,2.15,1.0,2.15,0.22,2.37,73563,Stationery / printing,OK
9901737473,10179376,(PK)PK000001-73563,NET80346430,9049145509,2025-11-10,87271988,Wypall 94152 Xtra Perf 106 Wpr/Rl Blu,RL,843925443,29.37,1.0,29.37,2.94,32.31,72111,Cleaning / minor kitchen supplies,MISCODE
9901737473,10179376,(PK)PK000001-73563,NET80346430,9049145509,2025-11-10,18978415,Verbatim Sdxc Card 64gb Class 10,EA,843925443,18.12,5.0,90.6,9.05,99.65,73564,IT equipment / accessories,MISCODE
9901737473,10428958,(PK)PK000086-73563,NET81054189,9049248647,2025-11-24,25191165,Verbatim Keyb Mouse Blk,EA,844031067,31.89,1.0,31.89,3.19,35.08,73564,IT equipment / accessories,MISCODE
9901737473,10428958,(PK)PK000086-73563,NET81054189,9049248647,2025-11-24,25175347,Knsgtn Pro Fit Left-hnded Ergo Wless Mse,EA,844031067,71.79,1.0,71.79,7.18,78.97,73564,IT equipment / accessories,MISCODE
9901737473,10428958,(PK)PK000086-73563,NET81054189,9049248647,2025-11-24,87142914,Winc Glue Stick 20g,EA,844031067,1.12,5.0,5.6,0.56,6.16,73563,Stationery / printing,OK
9901737473,10428958,(PK)PK000086-73563,NET81054189,9049248647,2025-11-24,18892646,Artline 200 Mrkr Fin 0.4mm Blk,EA,844031067,2.3,1.0,2.3,0.23,2.53,73563,Stationery / printing,OK
9901727996,10179376,(PK)PK000001-73563,NET75409477,9048911212,2025-10-08,25173703,Cuppa Cartel The Don Coffee Beans 1kg,BG,843704110,53.39,1.0,53.39,0.0,53.39,73512,Hospitality refreshments (Reason B),MISCODE
9901727996,10179376,(PK)PK000001-73563,NET77126320,9049071906,2025-10-30,25164503,Cygnett Dashview  Uni Adj Car Mnt,EA,843860521,29.11,2.0,58.22,5.82,64.04,73564,IT equipment / accessories,MISCODE
9901727996,10179376,(PK)PK000001-73563,NET77126320,9049071906,2025-10-30,86713670,Winc A3 80 Mc Glss Lamtng Pouches Pk100,PK,843860521,16.46,2.0,32.92,3.29,36.21,73563,Stationery / printing,OK
9901727996,10179376,(PK)PK000001-73563,NET77126320,9049071906,2025-10-30,86713671,Winc A4 80 Mc Glss Lamtng Pouches Pk100,PK,843860521,11.54,2.0,23.08,2.31,25.39,73563,Stationery / printing,OK
9901727996,10179376,(PK)PK000001-73563,NET75409477,9048910796,2025-10-08,87019002,Winc Gel Kb Wrst Rest Blk,EA,843704160,18.9,1.0,18.9,1.89,20.79,73564,IT equipment / accessories,MISCODE
9901727996,10179376,(PK)PK000001-73563,NET75409477,9048910796,2025-10-08,25090900,Winc Clipfolder A4 W/Inside Pokt Blk,EA,843704160,3.25,1.0,3.25,0.33,3.58,73563,Stationery / printing,OK
9901727996,10179376,(PK)PK000001-73563,NET75409477,9048910796,2025-10-08,18932249,Logitech Mk220 Wireless Combo,EA,843704160,34.2,1.0,34.2,3.41,37.61,73564,IT equipment / accessories,MISCODE
9901727996,10179376,(PK)PK000001-73563,NET75409477,9048910796,2025-10-08,18890727,Winc Mse Pd w/ Rbbr Bckng - Blk,EA,843704160,2.1,1.0,2.1,0.21,2.31,73564,IT equipment / accessories,MISCODE
9901727996,10179376,(PK)PK000001-73563,NET75409477,9048910796,2025-10-08,87019004,Winc Mse Pd W/ Gel Wrst Rest Blk,EA,843704160,11.49,1.0,11.49,1.15,12.64,73564,IT equipment / accessories,MISCODE
9901727996,10179376,(PK)PK000001-73563,NET77126320,9049076967,2025-10-31,25173703,Cuppa Cartel The Don Coffee Beans 1kg,BG,843860487,53.39,1.0,53.39,0.0,53.39,73512,Hospitality refreshments (Reason B),MISCODE
9901727996,10179376,(PK)PK000001-73563,NET76964014,9049001721,2025-10-21,86547541,Lipton Tbg Pk100,PK,843787316,8.17,1.0,8.17,0.0,8.17,73512,Hospitality refreshments (Reason B),MISCODE
9901727996,10179376,(PK)PK000001-73563,NET76964014,9049001721,2025-10-21,86530711,Nestle Compl Mix Ht Choc 2Kg Tin,CN,843787316,44.19,1.0,44.19,0.0,44.19,73512,Hospitality refreshments (Reason B),MISCODE
9901727996,10179376,(PK)PK000001-73563,NET76964014,9049001721,2025-10-21,25128351,ISM White Sugar 1kg,EA,843787316,2.17,2.0,4.34,0.0,4.34,73512,Hospitality refreshments (Reason B),MISCODE
9901727996,10179376,(PK)PK000001-73563,NET76964014,9049001721,2025-10-21,87019002,Winc Gel Kb Wrst Rest Blk,EA,843787316,18.9,1.0,18.9,1.89,20.79,73564,IT equipment / accessories,MISCODE
9901727996,10179376,(PK)PK000001-73563,NET76964014,9049001721,2025-10-21,25173516,Toilet Brush White And Grey Plastic,EA,843787316,7.85,7.0,54.95,5.5,60.45,72111,Cleaning / minor kitchen supplies,MISCODE
9901727996,10179376,(PK)PK000001-73563,NET76964014,9049001721,2025-10-21,25129026,Sunshine Raw Sugar 2kg,EA,843787316,5.08,2.0,10.16,0.0,10.16,73512,Hospitality refreshments (Reason B),MISCODE
9901727996,10179376,(PK)PK000001-73563,NET76964014,9049001721,2025-10-21,87215078,Winc Rtrct Blpnt Pn Blk 1.0mm Pk 12,PK,843787316,3.31,1.0,3.31,0.33,3.64,73563,Stationery / printing,OK
9901727996,10179376,(PK)PK000001-73563,NET76964014,9049001721,2025-10-21,87215079,Winc Rtrct Blpnt Pn Blu 1.0mm Pk 12,PK,843787316,3.31,1.0,3.31,0.33,3.64,73563,Stationery / printing,OK
9901727996,10179376,(PK)PK000001-73563,NET75325802,9048878389,2025-10-02,86579747,Saxa Ground Black Pepper 50g,EA,843668931,7.36,1.0,7.36,0.0,7.36,73512,Hospitality refreshments (Reason B),MISCODE
9901727996,10179376,(PK)PK000001-73563,NET75325802,9048878389,2025-10-02,86579748,Saxa Table Salt Picnic Pack 125g,EA,843668931,4.08,1.0,4.08,0.0,4.08,73512,Hospitality refreshments (Reason B),MISCODE
9901727996,10179376,(PK)PK000001-73563,NET75325802,9048878389,2025-10-02,25123638,Zooper Dooper Ice Blocks Cosmic Pk24,PK,843668931,8.09,1.0,8.09,0.81,8.9,73512,Hospitality refreshments (Reason B),MISCODE
9901727996,10179376,(PK)PK000001-73563,NET75325802,9048878389,2025-10-02,86762449,Winc Crystal Clear Tape 24Mmx66M,RL,843668931,1.41,2.0,2.82,0.28,3.1,73563,Stationery / printing,OK
9901727996,10179376,(PK)PK000001-73563,NET75325802,9048878389,2025-10-02,25091004,Dispenser Tape Omax Dsktop Lge,EA,843668931,3.99,1.0,3.99,0.4,4.39,73563,Stationery / printing,OK
9901727996,10179376,(PK)PK000001-73563,NET75325802,9048878389,2025-10-02,25087818,Uni Pwe8k Chalk Mker Chsl Tip Lht Blu Ea,EA,843668931,7.06,2.0,14.12,1.41,15.53,73563,Stationery / printing,OK
9901727996,10179376,(PK)PK000001-73563,NET75325802,9048878389,2025-10-02,25090887,Winc Clipboard A4 Trnsprnt Neon Yell,EA,843668931,2.1,4.0,8.4,0.84,9.24,73563,Stationery / printing,OK
9901727996,10179376,(PK)PK000001-73563,NET75325802,9048878389,2025-10-02,25090893,Winc Clipboard A4 Trnsprnt Neon Pink,EA,843668931,2.1,4.0,8.4,0.84,9.24,73563,Stationery / printing,OK
9901727996,10179376,(PK)PK000001-73563,NET75325802,9048878389,2025-10-02,25086865,Winc Clipboard A4 Trnsprnt Clear,EA,843668931,2.1,12.0,25.2,2.52,27.72,73563,Stationery / printing,OK
9901727996,10428958,(PK)PK000086-73563,NET76467906,9048964237,2025-10-15,25163004,Antibac Surface Wipes Pack 100,PK,843751229,4.95,4.0,19.8,1.98,21.78,72111,Cleaning / minor kitchen supplies,MISCODE
9901727996,10428958,(PK)PK000086-73563,NET76467906,9048964237,2025-10-15,18967787,Tape Measure 8m 25mm  Ea,EA,843751229,36.82,1.0,36.82,3.68,40.5,72111,Minor equipment / tools,MISCODE
9901727996,10428958,(PK)PK000086-73563,NET76467906,9048964237,2025-10-15,18885357,Winc Spiral Ntebk No. 337 A5 Prf 200 Pgs,EA,843751229,3.21,4.0,12.84,1.28,14.12,73563,Stationery / printing,OK
9901727996,10428958,(PK)PK000086-73563,NET76467906,9048964237,2025-10-15,86540972,Spirax 595 Nbk A4 Side Opening 120 Pages,EA,843751229,1.92,4.0,7.68,0.77,8.45,73563,Stationery / printing,OK
9901727996,10428958,(PK)PK000086-73563,NET76467906,9048964237,2025-10-15,25198202,Winc Premium CN A3 80gsm White Ctn3,CT,843751229,36.3,1.0,36.3,3.63,39.93,73563,Stationery / printing,OK
9901727996,10428958,(PK)PK000086-73563,NET76467906,9048964237,2025-10-15,18880174,Kleenex Anti-Bacterial Wet Wipes Pkt15,PK,843751229,3.02,5.0,15.1,1.51,16.61,72111,Cleaning / minor kitchen supplies,MISCODE
9901727996,10428958,(PK)PK000086-73563,NET76288389,9048946475,2025-10-14,18980340,Winc 2026 Wiro Diary A5 Day to Page Blue,EA,843738483,12.09,1.0,12.09,1.21,13.3,73563,Stationery / printing,OK
9901727996,10428958,(PK)PK000086-73563,NET76288389,9048943681,2025-10-14,86714374,Winc Self Adh Ntes Neon 76X76mm Pkt5,PK,843733741,5.56,1.0,5.56,0.56,6.12,73563,Stationery / printing,OK
9901727996,10428958,(PK)PK000086-73563,NET76288389,9048943681,2025-10-14,25198202,Winc Premium CN A3 80gsm White Ctn3,CT,843733741,36.3,1.0,36.3,3.63,39.93,73563,Stationery / printing,OK
9901727996,10428958,(PK)PK000086-73563,NET76288389,9048943681,2025-10-14,86714375,Winc Self Adh Ntes Pastel 76X76mm Pkt5,PK,843733741,3.71,1.0,3.71,0.37,4.08,73563,Stationery / printing,OK
9901727996,10428958,(PK)PK000086-73563,NET76288389,9048943681,2025-10-14,19031468,Pstit Sup Stky Miami Pop-Up 76X76mm Pk6,PK,843733741,29.04,1.0,29.04,2.9,31.94,73563,Stationery / printing,OK
9901727996,10428958,(PK)PK000086-73563,NET76288389,9048943681,2025-10-14,18949526,Winc Rtrct Blpnt Pn Blk 0.7mm Pk 12,PK,843733741,2.6,1.0,2.6,0.26,2.86,73563,Stationery / printing,OK
9901727996,10428958,(PK)PK000086-73563,NET76288389,9048943681,2025-10-14,87215079,Winc Rtrct Blpnt Pn Blu 1.0mm Pk 12,PK,843733741,3.31,1.0,3.31,0.33,3.64,73563,Stationery / printing,OK
9901727996,10428958,(PK)PK000086-73563,NET76288389,9048943681,2025-10-14,18885357,Winc Spiral Ntebk No. 337 A5 Prf 200 Pgs,EA,843733741,3.21,1.0,3.21,0.32,3.53,73563,Stationery / printing,OK
9901727996,10428958,(PK)PK000086-73563,NET76288389,9048943681,2025-10-14,3488100,Winc Spiral Ntebk No.334 A4 120 Pg,EA,843733741,2.15,1.0,2.15,0.22,2.37,73563,Stationery / printing,OK
9901727996,10428958,(PK)PK000086-73563,NET76288389,9048943681,2025-10-14,10003777,Winc 8.4mmx12m Perm Glue Tape Roller,EA,843733741,2.92,10.0,29.2,2.92,32.12,73563,Stationery / printing,OK
9901718415,10179376,(PK)PK000001-73563,NET73061704,9048680009,2025-09-04,86530711,Nestle Compl Mix Ht Choc 2Kg Tin,CN,843478466,44.19,1.0,44.19,0.0,44.19,73512,Hospitality refreshments (Reason B),MISCODE
9901718415,10179376,(PK)PK000001-73563,NET73061704,9048680009,2025-09-04,18761977,Finish Con Powder Lemon Sparkle 2kg,EA,843478466,19.9,2.0,39.8,3.98,43.78,72111,Cleaning / minor kitchen supplies,MISCODE
9901718415,10179376,(PK)PK000001-73563,NET73061704,9048680009,2025-09-04,74926000,Mrbg Desk Stapler Half Strip Blk/Grey,EA,843478466,8.93,2.0,17.86,1.79,19.65,73563,Stationery / printing,OK
9901718415,10179376,(PK)PK000001-73563,NET73061704,9048680009,2025-09-04,25136042,Corp Exp Card Holder Retrac Blk,EA,843478466,1.57,12.0,18.84,1.88,20.72,73563,Stationery / printing,OK
9901718415,10179376,(PK)PK000001-73563,NET73061704,9048680009,2025-09-04,87211228,Eth Chce Dshwng Liqd 1Litre,BO,843478466,2.27,1.0,2.27,0.23,2.5,72111,Cleaning / minor kitchen supplies,MISCODE
9901718415,10179376,(PK)PK000001-73563,NET73061704,9048680009,2025-09-04,25085719,Winc Staples 26/6 BX/5000,BX,843478466,1.6,2.0,3.2,0.32,3.52,73563,Stationery / printing,OK
9901718415,10179376,(PK)PK000001-73563,NET73061704,9048680009,2025-09-04,25212418,Com 1.2m Grs Cble Usba To Usbc Blk,EA,843478466,15.44,8.0,123.52,12.35,135.87,73564,IT equipment / accessories,MISCODE
9901718415,10179376,(PK)PK000001-73563,NET74332105,9048780626,2025-09-18,86602621,Spirax 571 Notebook A5 300Pg,EA,843572103,3.82,5.0,19.1,1.9,21.0,73563,Stationery / printing,OK
9901718415,10179376,(PK)PK000001-73563,NET74332105,9048780626,2025-09-18,86602621,Spirax 571 Notebook A5 300Pg,EA,843572103,3.82,1.0,3.82,0.38,4.2,73563,Stationery / printing,OK
9901718415,10179376,(PK)PK000001-73563,NET74332105,9048780626,2025-09-18,25123638,Zooper Dooper Ice Blocks Cosmic Pk24,PK,843572103,8.09,2.0,16.18,1.62,17.8,73512,Hospitality refreshments (Reason B),MISCODE
9901718415,10179376,(PK)PK000001-73563,NET74332105,9048780626,2025-09-18,86701308,Winc Spiral Ntebk No. 336 A4 240 Pgs,EA,843572103,3.45,5.0,17.25,1.73,18.98,73563,Stationery / printing,OK
9901718415,10179376,(PK)PK000001-73563,NET74332105,9048780626,2025-09-18,86701308,Winc Spiral Ntebk No. 336 A4 240 Pgs,EA,843572103,3.45,1.0,3.45,0.35,3.8,73563,Stationery / printing,OK
9901718415,10179376,(PK)PK000001-73563,NET74332105,9048780626,2025-09-18,25184215,Moccona Med Roast Instant Coff 1kg Tin,CN,843572103,70.65,1.0,70.65,0.0,70.65,73512,Hospitality refreshments (Reason B),MISCODE
9901718415,10179376,(PK)PK000001-73563,NET74332105,9048780626,2025-09-18,25129026,Sunshine Raw Sugar 2kg,EA,843572103,5.08,2.0,10.16,0.0,10.16,73512,Hospitality refreshments (Reason B),MISCODE
9901718415,10179376,(PK)PK000001-73563,NET74332105,9048780626,2025-09-18,87208844,Fnsh Rglr Rns Aid 500Ml,EA,843572103,13.11,1.0,13.11,1.31,14.42,72111,Cleaning / minor kitchen supplies,MISCODE
9901718415,10179376,(PK)PK000001-73563,NET71996291,9048776531,2025-09-18,20430300,Winc 2026 Hardcover Diary A4 WTV Navy,EA,843570728,5.48,3.0,16.44,1.64,18.08,73563,Stationery / printing,OK
9901718415,10179376,(PK)PK000001-73563,NET71996291,9048776531,2025-09-18,19796100,Winc 2026 Hardcover Diary A4 DTP Navy,EA,843570728,8.18,21.0,171.78,17.19,188.97,73563,Stationery / printing,OK
9901718415,10179376,(PK)PK000001-73563,NET71996291,9048776531,2025-09-18,20566200,Winc 2026 Hardcover Diary A5 WTV Navy,EA,843570728,2.78,3.0,8.34,0.83,9.17,73563,Stationery / printing,OK
9901718415,10179376,(PK)PK000001-73563,NET71996291,9048776531,2025-09-18,19977300,Winc 2026 Hardcover Diary A5 DTP Navy,EA,843570728,4.58,19.0,87.02,8.7,95.72,73563,Stationery / printing,OK
9901718415,10179376,(PK)PK000001-73563,NET72256651,9048651484,2025-09-01,18680621,Winc Chsl Tip Hghlghtr Assrt Col Bx 5,ST,843451865,6.44,1.0,6.44,0.64,7.08,73563,Stationery / printing,OK
9901718415,10179376,(PK)PK000001-73563,NET72256651,9048651484,2025-09-01,25198200,Winc Premium CN A4 80gsm White Ctn5,CT,843451865,28.0,3.0,84.0,8.41,92.41,73563,Stationery / printing,OK
9901718415,10179376,(PK)PK000001-73563,NET72256651,9048651484,2025-09-01,86669584,Vittoria Coff Esprso Bns 1Kg Pk,PK,843451865,43.35,3.0,130.05,0.0,130.05,73512,Hospitality refreshments (Reason B),MISCODE
9901718415,10179376,(PK)PK000001-73563,NET72256651,9048651484,2025-09-01,86760467,Winc 5mmx8m Dual Angle Crrctn Tpe,EA,843451865,1.2,12.0,14.4,1.44,15.84,73563,Stationery / printing,OK
9901718415,10179376,(PK)PK000001-73563,NET72256651,9048651484,2025-09-01,86714375,Winc Self Adh Ntes Pastel 76X76mm Pkt5,PK,843451865,3.71,4.0,14.84,1.48,16.32,73563,Stationery / printing,OK
9901718415,10179376,(PK)PK000001-73563,NET72256651,9048651484,2025-09-01,18805289,Marbig 215mm Large Scissors Black Handle,EA,843451865,3.31,3.0,9.93,0.99,10.92,73563,Stationery / printing,OK
9901718415,10179376,(PK)PK000001-73563,NET72256651,9048651484,2025-09-01,87215297,Winc Perm Mrkr Bllt Tp Blk Bx 12,BX,843451865,8.31,1.0,8.31,0.83,9.14,73563,Stationery / printing,OK
9901718415,10179376,(PK)PK000001-73563,NET72256651,9048651484,2025-09-01,18835492,Winc Chsl Tip Hghlghtr Yllw Bx 5,BX,843451865,7.47,1.0,7.47,0.75,8.22,73563,Stationery / printing,OK
9901718415,10179376,(PK)PK000001-73563,NET72256651,9048651484,2025-09-01,25171728,Connoisseur Flat Ssteel Teaspoon Box24,BX,843451865,11.74,1.0,11.74,1.17,12.91,72111,Cleaning / minor kitchen supplies,MISCODE
9901718415,10428958,(PK)PK000086-73563,NET72611360,9048838054,2025-09-26,20566200,Winc 2026 Hardcover Diary A5 WTV Navy,EA,843632131,2.78,2.0,5.56,0.56,6.12,73563,Stationery / printing,OK
9901718415,10428958,(PK)PK000086-73563,NET72611360,9048838054,2025-09-26,19796100,Winc 2026 Hardcover Diary A4 DTP Navy,EA,843632131,8.18,3.0,24.54,2.45,26.99,73563,Stationery / printing,OK
9901718415,10428958,(PK)PK000086-73563,NET72611360,9048838054,2025-09-26,19977300,Winc 2026 Hardcover Diary A5 DTP Navy,EA,843632131,4.58,1.0,4.58,0.46,5.04,73563,Stationery / printing,OK
9901718415,10428958,(PK)PK000086-73563,NET72611360,9048829890,2025-09-25,25093152,Marbig Prof Clpbrd A4 Storage Case Blk,EA,843625753,18.33,1.0,18.33,1.83,20.16,73563,Stationery / printing,OK
9901718415,10428958,(PK)PK000086-73563,NET72611360,9048829890,2025-09-25,38867600,Mbg Enviro 80022E Arcv Stor Box Fix Lid,EA,843625753,5.31,2.0,10.62,1.06,11.68,73563,Stationery / printing,OK
9901718415,10428958,(PK)PK000086-73563,NET72611360,9048829890,2025-09-25,9150600,Qrtet Wbrd Clnr Spirit Based 500ml,BO,843625753,6.62,4.0,26.48,2.65,29.13,73563,Stationery / printing,OK
9901718415,10428958,(PK)PK000086-73563,NET72611360,9048829890,2025-09-25,18949527,Winc Rtrct Blpnt Pn Blu 0.7mm Pk 12,PK,843625753,2.6,1.0,2.6,0.26,2.86,73563,Stationery / printing,OK
9901718415,10428958,(PK)PK000086-73563,NET72611360,9048829890,2025-09-25,18949526,Winc Rtrct Blpnt Pn Blk 0.7mm Pk 12,PK,843625753,2.6,1.0,2.6,0.26,2.86,73563,Stationery / printing,OK
9901718415,10428958,(PK)PK000086-73563,NET72611360,9048829890,2025-09-25,87079069,Winc Hc Spral Ntbk A4 Blk 200 Pgs,EA,843625753,3.15,4.0,12.6,1.26,13.86,73563,Stationery / printing,OK
9901718415,10428958,(PK)PK000086-73563,NET72611360,9048829890,2025-09-25,86677531,Winc 23450 Dul Pwr 12 Dgt Dsktp Clcltr,EA,843625753,10.79,1.0,10.79,1.08,11.87,73563,Stationery / printing,OK
9901746332,10179376,(PK)PK000001-73563,NET82406453,9049389784,2025-12-10,35469902,Winc Lever Arch File PP A4 Black,EA,844170862,5.94,2.0,11.88,1.19,13.07,73563,Stationery / printing,OK
9901746332,10179376,(PK)PK000001-73563,NET82406453,9049389784,2025-12-10,25085755,Off El Black Wb Markers Bullet Tip Bx12,BX,844170862,10.69,1.0,10.69,1.07,11.76,73563,Stationery / printing,OK
9901746332,10179376,(PK)PK000001-73563,NET82406453,9049389784,2025-12-10,85202000,Moccona Med Roast Instant Coff 500G Tin,CN,844170862,32.4,2.0,64.8,0.0,64.8,73512,Hospitality refreshments (Reason B),MISCODE
9901746332,10179376,(PK)PK000001-73563,NET82406453,9049389784,2025-12-10,25198200,Winc Premium CN A4 80gsm White Ctn5,CT,844170862,28.0,3.0,84.0,8.39,92.39,73563,Stationery / printing,OK
9901746332,10179376,(PK)PK000001-73563,NET82406453,9049389784,2025-12-10,18999146,Winc Rnd Magnets 25mm Black Pk 10,PK,844170862,2.44,1.0,2.44,0.24,2.68,73563,Stationery / printing,OK
9901746332,10179376,(PK)PK000001-73563,NET82406453,9049389784,2025-12-10,25091151,Winc Doc Wallet PP Button A4 Purple,EA,844170862,1.11,5.0,5.55,0.56,6.11,73563,Stationery / printing,OK
9901746332,10179376,(PK)PK000001-73563,NET82406453,9049389784,2025-12-10,25123638,Zooper Dooper Ice Blocks Cosmic Pk24,PK,844170862,8.09,2.0,16.18,1.62,17.8,73512,Hospitality refreshments (Reason B),MISCODE
9901746332,10179376,(PK)PK000001-73563,NET83081804,9049492143,2025-12-29,25233608,Zooper Dooper Ice Blocks Lemonade Pk 24,PK,844266098,9.96,1.0,9.96,1.0,10.96,73512,Hospitality refreshments (Reason B),MISCODE
9901746332,10179376,(PK)PK000001-73563,NET82406453,9049392682,2025-12-10,25173703,Cuppa Cartel The Don Coffee Beans 1kg,BG,844170798,53.39,1.0,53.39,0.0,53.39,73512,Hospitality refreshments (Reason B),MISCODE
9901746332,10179376,(PK)PK000001-73563,NET83081804,9049481194,2025-12-23,25123638,Zooper Dooper Ice Blocks Cosmic Pk24,PK,844257022,8.09,2.0,16.18,1.62,17.8,73512,Hospitality refreshments (Reason B),MISCODE
9901746332,10179376,(PK)PK000001-73563,NET83081804,9049481194,2025-12-23,25184215,Moccona Med Roast Instant Coff 1kg Tin,CN,844257022,61.07,1.0,61.07,0.0,61.07,73512,Hospitality refreshments (Reason B),MISCODE
9901746332,10179376,(PK)PK000001-73563,NET83081804,9049481194,2025-12-23,86530711,Nestle Compl Mix Ht Choc 2Kg Tin,CN,844257022,44.19,1.0,44.19,0.0,44.19,73512,Hospitality refreshments (Reason B),MISCODE
9901746332,10428958,(PK)PK000086-73563,NET82298170,9049376957,2025-12-09,10006999,Spirax 812 A5 120Pg Recyled Notebook,EA,844151296,2.38,6.0,14.28,1.43,15.71,73563,Stationery / printing,OK
9901746332,10428958,(PK)PK000086-73563,NET82298170,9049376957,2025-12-09,25191165,Verbatim Keyb Mouse Blk,EA,844151296,31.89,2.0,63.78,6.38,70.16,73564,IT equipment / accessories,MISCODE
9901746332,10428958,(PK)PK000086-73563,NET82298170,9049376957,2025-12-09,10006618,Winc AA Prem Alkal Batt Bx 24,BX,844151296,6.4,1.0,6.4,0.64,7.04,72111,Minor equipment / batteries,MISCODE
9901746332,10428958,(PK)PK000086-73563,NET82298170,9049376957,2025-12-09,10006619,Winc AAA Prem Alkal Batt Bx 24,BX,844151296,6.4,1.0,6.4,0.64,7.04,72111,Minor equipment / batteries,MISCODE
9901746332,10428958,(PK)PK000086-73563,NET81883282,9049502656,2025-12-31,25232965,Mk250 Bluetooth Keyb,EA,844273877,36.57,2.0,73.14,7.31,80.45,73564,IT equipment / accessories,MISCODE
9901746332,10428958,(PK)PK000086-73563,NET81883282,9049338996,2025-12-04,86695456,Bostik Blu Tack Rsble Adh 75G,PK,844120696,2.52,2.0,5.04,0.5,5.54,73563,Stationery / printing,OK
9901746332,10428958,(PK)PK000086-73563,NET81883282,9049338996,2025-12-04,25202882,Logitech M240 Wireless Bt Mouse,EA,844120696,20.89,1.0,20.89,2.09,22.98,73564,IT equipment / accessories,MISCODE
9901746332,10428958,(PK)PK000086-73563,NET81883282,9049338996,2025-12-04,18892646,Artline 200 Mrkr Fin 0.4mm Blk,EA,844120696,2.3,12.0,27.6,2.76,30.36,73563,Stationery / printing,OK
9901709054,10179376,(PK)PK000001-73563,NET71058490,9048540775,2025-08-15,18881747,Zoetic F T Org Chai Tea Bags Pkt 25,PK,843343677,6.4,1.0,6.4,0.0,6.4,73512,Hospitality refreshments (Reason B),MISCODE
9901709054,10179376,(PK)PK000001-73563,NET71058490,9048540775,2025-08-15,86794343,Windex Glass Cleaner Trigger 750ml,BO,843343677,6.8,1.0,6.8,0.68,7.48,72111,Cleaning / minor kitchen supplies,MISCODE
9901709054,10179376,(PK)PK000001-73563,NET71058490,9048540775,2025-08-15,25090983,Winc Fastener Strip Hook & Loop,BX,843343677,9.62,1.0,9.62,0.96,10.58,73563,Stationery / printing,OK
9901709054,10179376,(PK)PK000001-73563,NET71058490,9048540775,2025-08-15,25128351,ISM White Sugar 1kg,EA,843343677,2.17,2.0,4.34,0.0,4.34,73512,Hospitality refreshments (Reason B),MISCODE
9901709054,10179376,(PK)PK000001-73563,NET71058490,9048540775,2025-08-15,25129026,Sunshine Raw Sugar 2kg,EA,843343677,5.08,1.0,5.08,0.0,5.08,73512,Hospitality refreshments (Reason B),MISCODE
9901709054,10179376,(PK)PK000001-73563,NET71058490,9048540775,2025-08-15,25184215,Moccona Med Roast Instant Coff 1kg Tin,CN,843343677,70.65,1.0,70.65,0.0,70.65,73512,Hospitality refreshments (Reason B),MISCODE
9901709054,10179376,(PK)PK000001-73563,NET71058490,9048540775,2025-08-15,18752565,Logitech M235 Wireless Mouse Colt Grey,EA,843343677,34.04,1.0,34.04,3.4,37.44,73564,IT equipment / accessories,MISCODE
9901709054,10179376,(PK)PK000001-73563,NET71058490,9048540775,2025-08-15,86822088,WE Whtbrd Mkr Bllt Asst Cols Set4,ST,843343677,4.79,2.0,9.58,0.96,10.54,73563,Stationery / printing,OK
9901709054,10179376,(PK)PK000001-73563,NET71058490,9048540775,2025-08-15,18624480,Vbatm Store-N-Go Pinstripe Usb Drve 32Gb,EA,843343677,9.67,7.0,67.69,6.77,74.46,73564,IT equipment / accessories,MISCODE
9901709054,10428958,(PK)PK000086-73563,NET71476914,9048575788,2025-08-20,25176572,Newspnt Wrap Roll 610mmx150m 45gsm White,RL,843377463,18.4,1.0,18.4,1.84,20.24,73563,Stationery / printing,OK
9901709054,10428958,(PK)PK000086-73563,NET71476914,9048575788,2025-08-20,10003788,Winc Recld FlipChrt Pad 600x850 50sh Pk2,PK,843377463,40.71,1.0,40.71,4.06,44.77,73563,Stationery / printing,OK
9901709054,10428958,(PK)PK000086-73563,NET71476914,9048575788,2025-08-20,18949527,Winc Rtrct Blpnt Pn Blu 0.7mm Pk 12,PK,843377463,2.6,1.0,2.6,0.26,2.86,73563,Stationery / printing,OK
9901709054,10428958,(PK)PK000086-73563,NET71476914,9048575788,2025-08-20,25095030,Palmolive Hand San Cherry Blos 200ml,EA,843377463,6.82,1.0,6.82,0.68,7.5,72111,Cleaning / minor kitchen supplies,MISCODE
9901709054,10428958,(PK)PK000086-73563,NET71476914,9048575788,2025-08-20,25079236,Germ Buster Antibac Hnd San 350ml Pump,EA,843377463,7.59,4.0,30.36,3.04,33.4,72111,Cleaning / minor kitchen supplies,MISCODE
9901709054,10428958,(PK)PK000086-73563,NET71476914,9048575788,2025-08-20,25206076,Prosafe Black Nitrile Glove M Bx100,BX,843377463,7.75,1.0,7.75,0.78,8.53,72113,Safety equipment / PPE,MISCODE
9901709054,10428958,(PK)PK000086-73563,NET71476914,9048575788,2025-08-20,25093152,Marbig Prof Clpbrd A4 Storage Case Blk,EA,843377463,18.33,2.0,36.66,3.67,40.33,73563,Stationery / printing,OK
9901754676,10179376,(PK)PK000001-73563,NET85951403,9049642474,2026-01-21,86714375,Winc Self Adh Ntes Pastel 76X76mm Pkt5,PK,844406366,3.71,1.0,3.71,0.37,4.08,73563,Stationery / printing,OK
9901754676,10179376,(PK)PK000001-73563,NET85951403,9049642474,2026-01-21,87215079,Winc Rtrct Blpnt Pn Blu 1.0mm Pk 12,PK,844406366,3.31,2.0,6.62,0.66,7.28,73563,Stationery / printing,OK
9901754676,10179376,(PK)PK000001-73563,NET85951403,9049642474,2026-01-21,87215078,Winc Rtrct Blpnt Pn Blk 1.0mm Pk 12,PK,844406366,3.31,2.0,6.62,0.66,7.28,73563,Stationery / printing,OK
9901754676,10179376,(PK)PK000001-73563,NET85951403,9049642474,2026-01-21,87208844,Fnsh Rglr Rns Aid 500Ml,EA,844406366,11.25,2.0,22.5,2.25,24.75,72111,Cleaning / minor kitchen supplies,MISCODE
9901754676,10179376,(PK)PK000001-73563,NET85951403,9049642474,2026-01-21,18761977,Finish Con Powder Lemon Sparkle 2kg,EA,844406366,20.66,2.0,41.32,4.13,45.45,72111,Cleaning / minor kitchen supplies,MISCODE
9901754676,10179376,(PK)PK000001-73563,NET85951403,9049642474,2026-01-21,25233608,Zooper Dooper Ice Blocks Lemonade Pk 24,PK,844406366,9.96,1.0,9.96,1.0,10.96,73512,Hospitality refreshments (Reason B),MISCODE
9901754676,10179376,(PK)PK000001-73563,NET85951403,9049642474,2026-01-21,25123638,Zooper Dooper Ice Blocks Cosmic Pk24,PK,844406366,8.09,2.0,16.18,1.62,17.8,73512,Hospitality refreshments (Reason B),MISCODE
9901754676,10179376,(PK)PK000001-73563,NET85104007,9049525298,2026-01-06,25176637,Winc Height Adj Footrest Blk,EA,844299481,29.29,2.0,58.58,5.86,64.44,72111,Minor equipment / tools,MISCODE
9901754676,10179376,(PK)PK000001-73563,NET85104007,9049525298,2026-01-06,87019004,Winc Mse Pd W/ Gel Wrst Rest Blk,EA,844299481,11.49,2.0,22.98,2.3,25.28,73564,IT equipment / accessories,MISCODE
9901754676,10179376,(PK)PK000001-73563,NET85104007,9049525298,2026-01-06,87144065,Kensington Smrtft EQ Esyrsr Coolng Stnd,EA,844299481,79.94,2.0,159.88,15.99,175.87,73564,IT equipment / accessories,MISCODE
9901754676,10179376,(PK)PK000001-73563,NET85104007,9049525298,2026-01-06,18999854,Logitech Wireless Combo Mk270R,EA,844299481,68.82,2.0,137.64,13.76,151.4,73564,IT equipment / accessories,MISCODE
9901754676,10179376,(PK)PK000001-73563,NET85159560,9049557947,2026-01-12,25173703,Cuppa Cartel The Don Coffee Beans 1kg,BG,844322957,53.39,1.0,53.39,0.0,53.39,73512,Hospitality refreshments (Reason B),MISCODE
9901754676,10179376,(PK)PK000001-73563,NET85999965,9049649925,2026-01-22,25164503,Cygnett Dashview  Uni Adj Car Mnt,EA,844413473,29.11,1.0,29.11,2.91,32.02,73564,IT equipment / accessories,MISCODE
9901754676,10179376,(PK)PK000001-73563,NET85999965,9049649925,2026-01-22,25165025,Comsol 1.5m USB-C Ml To USB-C Ml Cbl,EA,844413473,18.85,2.0,37.7,3.77,41.47,73564,IT equipment / accessories,MISCODE
9901754676,10179376,(PK)PK000001-73563,NET85999965,9049649925,2026-01-22,25164503,Cygnett Dashview  Uni Adj Car Mnt,EA,844413473,29.11,1.0,29.11,2.91,32.02,73564,IT equipment / accessories,MISCODE
9901754676,10179376,(PK)PK000001-73563,NET85999965,9049649925,2026-01-22,25174532,cms 1.2m Apl Lghtng To USB Mfi Cbl - Wt,EA,844413473,17.89,2.0,35.78,3.58,39.36,73564,IT equipment / accessories,MISCODE
9901754676,10179376,(PK)PK000001-73563,NET85159560,9049554744,2026-01-09,86815269,Winc Whtbrd Spry Clnr 250ml,BO,844323067,2.31,1.0,2.31,0.23,2.54,73563,Stationery / printing,OK
9901754676,10179376,(PK)PK000001-73563,NET85159560,9049554744,2026-01-09,86815269,Winc Whtbrd Spry Clnr 250ml,BO,844323067,2.31,2.0,4.62,0.46,5.08,73563,Stationery / printing,OK
9901754676,10179376,(PK)PK000001-73563,NET85159560,9049554744,2026-01-09,18648710,Winc HFC Free Air Duster 400ml,EA,844323067,4.51,2.0,9.02,0.9,9.92,73563,Stationery / printing,OK
9901754676,10179376,(PK)PK000001-73563,NET85159560,9049554744,2026-01-09,86722017,Tbl Slt Saxa 750Gm Pk,PK,844323067,7.56,1.0,7.56,0.0,7.56,73512,Hospitality refreshments (Reason B),MISCODE
9901754676,10179376,(PK)PK000001-73563,NET85159560,9049554744,2026-01-09,86579747,Saxa Ground Black Pepper 50g,EA,844323067,7.36,1.0,7.36,0.0,7.36,73512,Hospitality refreshments (Reason B),MISCODE
9901754676,10179376,(PK)PK000001-73563,NET85159560,9049554744,2026-01-09,86657340,Canon Ls82Z Dsktop Calc 8 Digit Dual Pwr,EA,844323067,11.11,1.0,11.11,1.11,12.22,73563,Stationery / printing,OK
9901754676,10179376,(PK)PK000001-73563,NET85159560,9049554744,2026-01-09,25071759,Purell Hand Sansr Gel Pmp 350ml Ct 12,CT,844323067,88.71,1.0,88.71,8.88,97.59,72111,Cleaning / minor kitchen supplies,MISCODE
9901754676,10428958,(PK)PK000086-73563,NET85698055,9049598265,2026-01-15,87161434,Winc Chsl Tp Rcyc Hghlghtr Assrt Pk 6,ST,844364324,3.21,2.0,6.42,0.64,7.06,73563,Stationery / printing,OK
9901754676,10428958,(PK)PK000086-73563,NET85698055,9049598265,2026-01-15,10006618,Winc AA Prem Alkal Batt Bx 24,BX,844364324,6.4,1.0,6.4,0.64,7.04,72111,Minor equipment / batteries,MISCODE
9901754676,10428958,(PK)PK000086-73563,NET85698055,9049598265,2026-01-15,18880174,Kleenex Anti-Bacterial Wet Wipes Pkt15,PK,844364324,3.02,6.0,18.12,1.82,19.94,72111,Cleaning / minor kitchen supplies,MISCODE
9901754676,10428958,(PK)PK000086-73563,NET85698055,9049598265,2026-01-15,10006999,Spirax 812 A5 120Pg Recyled Notebook,EA,844364324,2.38,5.0,11.9,1.19,13.09,73563,Stationery / printing,OK
9901754676,10428958,(PK)PK000086-73563,NET85698055,9049598265,2026-01-15,87215079,Winc Rtrct Blpnt Pn Blu 1.0mm Pk 12,PK,844364324,3.31,1.0,3.31,0.33,3.64,73563,Stationery / printing,OK
9901754676,10428958,(PK)PK000086-73563,NET85698055,9049598265,2026-01-15,10006619,Winc AAA Prem Alkal Batt Bx 24,BX,844364324,6.4,1.0,6.4,0.64,7.04,72111,Minor equipment / batteries,MISCODE
9901754676,10428958,(PK)PK000086-73563,NET85698055,9049634066,2026-01-20,25191165,Verbatim Keyb Mouse Blk,EA,844393235,31.89,1.0,31.89,3.19,35.08,73564,IT equipment / accessories,MISCODE
9901754676,10428958,(PK)PK000086-73563,NET85698055,9049634105,2026-01-20,25191165,Verbatim Keyb Mouse Blk,EA,844393398,31.89,2.0,63.78,6.38,70.16,73564,IT equipment / accessories,MISCODE
9901699602,10179376,(PK)PK000001-73563,NET70764300,9048391671,2025-07-24,25219446,Rapid Stapler Long Arm,EA,843197401,50.51,1.0,50.51,5.05,55.56,73563,Stationery / printing,OK
9901699602,10179376,(PK)PK000001-73563,NET70764300,9048385916,2025-07-24,86530711,Nestle Compl Mix Ht Choc 2Kg Tin,CN,843197445,44.19,1.0,44.19,0.0,44.19,73512,Hospitality refreshments (Reason B),MISCODE
9901699602,10179376,(PK)PK000001-73563,NET70764300,9048385916,2025-07-24,86695456,Bostik Blu Tack Rsble Adh 75G,PK,843197445,2.52,1.0,2.52,0.25,2.77,73563,Stationery / printing,OK
9901699602,10179376,(PK)PK000001-73563,NET70764300,9048385916,2025-07-24,87205990,Lipton Grntea Bx 100,BX,843197445,16.39,1.0,16.39,0.0,16.39,73512,Hospitality refreshments (Reason B),MISCODE
9901699602,10179376,(PK)PK000001-73563,NET70764300,9048385916,2025-07-24,87215078,Winc Rtrct Blpnt Pn Blk 1.0mm Pk 12,PK,843197445,3.31,2.0,6.62,0.66,7.28,73563,Stationery / printing,OK
9901699602,10179376,(PK)PK000001-73563,NET70764300,9048385916,2025-07-24,87215079,Winc Rtrct Blpnt Pn Blu 1.0mm Pk 12,PK,843197445,3.31,2.0,6.62,0.67,7.29,73563,Stationery / printing,OK
9901699602,10179376,(PK)PK000001-73563,NET70764300,9048385916,2025-07-24,87215081,Winc Rtrct Blpnt Pn Red 1.0mm Pk 12,PK,843197445,3.31,1.0,3.31,0.33,3.64,73563,Stationery / printing,OK
9901699602,10179376,(PK)PK000001-73563,NET67626747,9048281953,2025-07-08,87211228,Eth Chce Dshwng Liqd 1Litre,BO,843096591,2.27,3.0,6.81,0.68,7.49,72111,Cleaning / minor kitchen supplies,MISCODE
9901699602,10179376,(PK)PK000001-73563,NET67626747,9048281953,2025-07-08,87215079,Winc Rtrct Blpnt Pn Blu 1.0mm Pk 12,PK,843096591,3.31,1.0,3.31,0.33,3.64,73563,Stationery / printing,OK
9901699602,10179376,(PK)PK000001-73563,NET67626747,9048281953,2025-07-08,25128351,ISM White Sugar 1kg,EA,843096591,2.17,2.0,4.34,0.0,4.34,73512,Hospitality refreshments (Reason B),MISCODE
9901699602,10179376,(PK)PK000001-73563,NET67626747,9048281953,2025-07-08,25129026,Sunshine Raw Sugar 2kg,EA,843096591,5.08,1.0,5.08,0.0,5.08,73512,Hospitality refreshments (Reason B),MISCODE
9901699602,10179376,(PK)PK000001-73563,NET67626747,9048281953,2025-07-08,25184215,Moccona Med Roast Instant Coff 1kg Tin,CN,843096591,70.65,1.0,70.65,0.0,70.65,73512,Hospitality refreshments (Reason B),MISCODE
9901699602,10179376,(PK)PK000001-73563,NET67626747,9048281953,2025-07-08,86823400,Kevron 46944 Key Tags Asst Flouro Pkt 10,PK,843096591,8.07,1.0,8.07,0.81,8.88,73563,Stationery / printing,OK
9901699602,10179376,(PK)PK000001-73563,NET67626747,9048281953,2025-07-08,25136042,Corp Exp Card Holder Retrac Blk,EA,843096591,1.57,3.0,4.71,0.47,5.18,73563,Stationery / printing,OK
9901699602,10179376,(PK)PK000001-73563,NET67626747,9048281953,2025-07-08,25136045,Corp Exp Card Holder Retractable Wht,EA,843096591,1.55,3.0,4.65,0.47,5.12,73563,Stationery / printing,OK
9901699602,10179376,(PK)PK000001-73563,NET67626747,9048281953,2025-07-08,18885357,Winc Spiral Ntebk No. 337 A5 Prf 200 Pgs,EA,843096591,3.21,4.0,12.84,1.28,14.12,73563,Stationery / printing,OK
9901699602,10179376,(PK)PK000001-73563,NET67626747,9048281953,2025-07-08,86701308,Winc Spiral Ntebk No. 336 A4 240 Pgs,EA,843096591,3.45,5.0,17.25,1.72,18.97,73563,Stationery / printing,OK
9901699602,10179376,(PK)PK000001-73563,NET67626747,9048281953,2025-07-08,25163283,Nestle Milo 700g Tin,CN,843096591,13.08,2.0,26.16,0.0,26.16,73512,Hospitality refreshments (Reason B),MISCODE
9901699602,10179376,(PK)PK000001-73563,NET67626747,9048281953,2025-07-08,25090900,Winc Clipfolder A4 W/Inside Pokt Blk,EA,843096591,3.25,4.0,13.0,1.3,14.3,73563,Stationery / printing,OK
9901699602,10428958,(PK)PK000086-73563,NET68503350,9048282865,2025-07-08,25198202,Winc Premium CN A3 80gsm White Ctn3,CT,843090859,36.3,1.0,36.3,3.63,39.93,73563,Stationery / printing,OK
9901699602,10428958,(PK)PK000086-73563,Parks Capital,9048235314,2025-07-01,86714375,Winc Self Adh Ntes Pastel 76X76mm Pkt5,PK,843046557,3.71,2.0,7.42,0.74,8.16,73563,Stationery / printing,OK
9901699602,10428958,(PK)PK000086-73563,Parks Capital,9048235314,2025-07-01,25198200,Winc Premium CN A4 80gsm White Ctn5,CT,843046557,28.0,3.0,84.0,8.4,92.4,73563,Stationery / printing,OK
9901699602,10428958,(PK)PK000086-73563,Parks Capital,9048235314,2025-07-01,18949526,Winc Rtrct Blpnt Pn Blk 0.7mm Pk 12,PK,843046557,2.6,1.0,2.6,0.26,2.86,73563,Stationery / printing,OK
9901699602,10428958,(PK)PK000086-73563,Parks Capital,9048235314,2025-07-01,18949527,Winc Rtrct Blpnt Pn Blu 0.7mm Pk 12,PK,843046557,2.6,1.0,2.6,0.26,2.86,73563,Stationery / printing,OK
9901699602,10428958,(PK)PK000086-73563,Parks Capital,9048235314,2025-07-01,18680621,Winc Chsl Tip Hghlghtr Assrt Col Bx 5,ST,843046557,6.44,2.0,12.88,1.29,14.17,73563,Stationery / printing,OK
9901699602,10428958,(PK)PK000086-73563,Parks Capital,9048235314,2025-07-01,25085729,Winc Canister Sharpener 1 Hole Astd Clrs,EA,843046557,1.34,2.0,2.68,0.27,2.95,73563,Stationery / printing,OK
9901699602,10428958,(PK)PK000086-73563,Parks Capital,9048235314,2025-07-01,25086863,Scissors Gp Omax Smart Cut Ssteel 195mm,EA,843046557,2.98,1.0,2.98,0.3,3.28,73563,Stationery / printing,OK
